game_id,inning,home_runs,away_runs
23992270,1,1,4
23992270,2,0,3
23992270,3,0,0
23992270,4,3,2
23992270,5,0,0
23992270,6,6,6
23992270,7,4,2
23992270,8,2,0
23992334,1,1,1
23992334,2,0,2
23992334,3,1,0
23992334,4,0,4
23992334,5,2,0
23992334,6,0,0
23992334,7,0,0
23992334,8,0,3
23992334,9,4,0
24119621,1,1,0
24119621,2,0,1
24119621,3,4,2
24119621,4,1,2
24119621,5,0,6
24119621,6,0,1
24119621,7,3,0
24119621,8,6,0
24119621,9,0,0
24119732,1,4,0
24119732,2,1,2
24119732,3,5,0
24119732,4,0,0
24119732,5,2,0
24119732,6,1,1
24119732,7,1,0
24119732,8,1,1
24119732,9,1,1
25253622,1,2,1
25253622,2,0,1
25253622,3,0,2
25253622,4,3,0
25253622,5,1,0
25253622,6,0,2
25253622,7,3,0
25253622,8,0,1
25253682,1,4,3
25253682,2,2,1
25253682,3,6,0
25253682,4,1,0
25253682,5,4,0
25253682,6,2,1
25253682,7,0,2
25253683,1,3,6
25253683,2,5,0
25253683,3,0,0
25253683,4,3,2
25253683,5,1,1
25253683,6,0,4
25253683,7,1,7
25253625,1,1,0
25253625,2,0,0
25253625,3,6,0
25253625,4,2,3
25253625,5,0,0
25253625,6,0,0
25253625,7,0,2
25253625,8,0,0
25253625,9,0,0
25253684,1,0,0
25253684,2,0,0
25253684,3,4,3
25253684,4,1,5
25253684,5,2,0
25253684,6,0,3
25253684,7,2,0
25253626,1,0,3
25253626,2,5,3
25253626,3,3,0
25253626,4,6,0
25253626,5,2,0
25253626,6,0,0
25253626,7,0,1
25253626,8,0,3
25253685,1,2,1
25253685,2,0,2
25253685,3,2,0
25253685,4,1,0
25253685,5,0,3
25253685,6,2,3
25253685,7,0,4
25253685,8,0,0
25253685,9,0,0
25253734,1,1,0
25253734,2,1,0
25253734,3,3,0
25253734,4,0,0
25253734,5,0,3
25253734,6,0,0
25253734,7,6,0
25253734,8,2,0
25253627,1,1,2
25253627,2,2,0
25253627,3,0,1
25253627,4,4,0
25253627,5,4,1
25253627,6,0,0
25253627,7,2,1
25253627,8,1,0
25253627,9,0,0
25253687,1,1,0
25253687,2,0,0
25253687,3,3,0
25253687,4,0,3
25253687,5,0,0
25253687,6,1,0
25253687,7,0,0
25253687,8,5,0
25253687,9,0,0
25253630,1,1,1
25253630,2,0,0
25253630,3,3,2
25253630,4,0,0
25253630,5,0,6
25253630,6,2,5
25253630,7,6,2
25253735,1,2,2
25253735,2,3,0
25253735,3,0,6
25253735,4,4,2
25253735,5,0,6
25253735,6,1,6
25253735,7,1,2
25253631,1,0,5
25253631,2,1,0
25253631,3,0,1
25253631,4,0,0
25253631,5,2,1
25253631,6,0,1
25253631,7,0,0
25253631,8,3,2
25253631,9,0,2
25253688,1,0,1
25253688,2,0,1
25253688,3,5,0
25253688,4,0,5
25253688,5,1,0
25253688,6,3,0
25253688,7,0,0
25253688,8,4,4
25253688,9,0,0
25253689,1,2,0
25253689,2,1,0
25253689,3,0,6
25253689,4,6,0
25253689,5,6,0
25253689,6,0,2
25253689,7,0,0
25253632,1,1,3
25253632,2,3,0
25253632,3,2,0
25253632,4,2,2
25253632,5,4,1
25253632,6,1,0
25253632,7,4,0
25253632,8,0,2
25253633,1,1,0
25253633,2,0,1
25253633,3,0,0
25253633,4,0,1
25253633,5,1,0
25253633,6,6,1
25253633,7,0,2
25253633,8,2,0
25253633,9,0,1
25253635,1,0,1
25253635,2,1,6
25253635,3,1,3
25253635,4,0,5
25253635,5,0,1
25253635,6,0,0
25253635,7,1,0
25253691,1,3,1
25253691,2,0,1
25253691,3,0,1
25253691,4,4,4
25253691,5,0,1
25253691,6,0,6
25253691,7,0,0
25253691,8,5,0
25253645,1,2,0
25253645,2,1,0
25253645,3,0,0
25253645,4,0,0
25253645,5,0,0
25253645,6,2,0
25253645,7,0,0
25253645,8,2,0
25253645,9,0,1
25253737,1,1,1
25253737,2,0,1
25253737,3,1,6
25253737,4,1,6
25253737,5,1,0
25253737,6,1,0
25253737,7,0,0
25501861,1,1,2
25501861,2,3,0
25501861,3,1,2
25501861,4,0,3
25501861,5,0,1
25501861,6,0,1
25501861,7,1,0
25501861,8,3,0
25501861,9,0,0
25501861,10,0,1
25501860,1,3,0
25501860,2,0,2
25501860,3,1,0
25501860,4,0,0
25501860,5,1,5
25501860,6,2,2
25501860,7,0,0
25501860,8,0,2
25501860,9,0,5
25563743,1,4,3
25563743,2,1,0
25563743,3,3,6
25563743,4,0,4
25563743,5,0,0
25563743,6,5,3
25563743,7,0,0
25563743,8,2,0
25563743,9,0,0
26362305,1,1,1
26362305,2,0,0
26362305,3,0,0
26362305,4,0,4
26362305,5,1,1
26362305,6,0,0
26362305,7,1,2
26362305,8,0,2
26362306,1,0,2
26362306,2,2,1
26362306,3,3,0
26362306,4,0,0
26362306,5,2,2
26362306,6,0,2
26362306,7,1,0
26362310,1,3,0
26362310,2,4,2
26362310,3,2,2
26362310,4,4,3
26362310,5,1,0
26362310,6,2,0
26362310,7,0,5
26362311,1,0,2
26362311,2,2,0
26362311,3,0,0
26362311,4,1,6
26362311,5,0,3
26362311,6,2,0
26362311,7,0,3
26362311,8,0,0
26362322,1,2,1
26362322,2,0,0
26362322,3,1,0
26362322,4,1,3
26362322,5,1,1
26362322,6,0,0
26362321,1,0,5
26362321,2,0,1
26362321,3,0,0
26362321,4,1,5
26362321,5,0,1
26362321,6,0,1
26362326,1,0,0
26362326,2,0,2
26362326,3,0,0
26362326,4,1,2
26362326,5,0,0
26362326,6,0,0
26362326,7,6,0
26362326,8,4,1
26362326,9,0,0
26362325,1,0,0
26362325,2,0,1
26362325,3,0,1
26362325,4,1,2
26362325,5,5,0
26362325,6,2,0
26362325,7,3,6
26362325,8,0,0
26362335,1,1,6
26362335,2,0,2
26362335,3,2,0
26362335,4,0,2
26362335,5,0,1
26362335,6,3,2
26362335,7,1,6
26362336,1,2,1
26362336,2,1,4
26362336,3,6,1
26362336,4,1,3
26362336,5,3,0
26362336,6,0,3
26362336,7,1,2
26362336,8,2,1
26362338,1,0,1
26362338,2,1,3
26362338,3,0,1
26362338,4,0,1
26362338,5,5,0
26362338,6,2,3
26362338,7,0,0
26362338,8,0,0
26362345,1,3,2
26362345,2,6,0
26362345,3,4,0
26362345,4,0,0
26362345,5,3,1
26362345,6,4,2
26362344,1,0,0
26362344,2,0,2
26362344,3,0,1
26362344,4,0,0
26362344,5,2,2
26362344,6,1,4
26362344,7,7,0
26362348,1,3,3
26362348,2,4,1
26362348,3,1,4
26362348,4,6,0
26362348,5,1,1
26362348,6,2,6
26362348,7,2,3
26362349,1,1,4
26362349,2,0,4
26362349,3,0,0
26362349,4,4,2
26362349,5,0,1
26362349,6,0,4
26362349,7,5,3
26362358,1,6,0
26362358,2,6,0
26362358,3,0,1
26362358,4,0,0
26362358,5,1,0
26362358,6,4,0
26362358,7,0,0
26362357,1,0,1
26362357,2,1,0
26362357,3,1,6
26362357,4,2,0
26362357,5,0,6
26362357,6,0,2
26362357,7,1,3
26362357,8,1,1
26362364,1,4,3
26362364,2,0,0
26362364,3,0,1
26362364,4,1,0
26362364,5,0,1
26362364,6,1,1
26362364,7,0,0
26362364,8,0,2
26362364,9,0,2
26362366,1,3,1
26362366,2,1,1
26362366,3,2,1
26362366,4,2,5
26362366,5,0,2
26362366,6,1,4
26362366,7,0,2
26362366,8,0,2
26362367,1,2,4
26362367,2,0,1
26362367,3,4,3
26362367,4,0,0
26362367,5,0,2
26362367,6,3,3
26362367,7,0,0
26362367,8,0,2
26362368,1,1,5
26362368,2,0,1
26362368,3,0,5
26362368,4,1,2
26362368,5,0,2
26362368,6,1,1
26362368,7,4,0
26362368,8,0,2
26362368,9,3,5
26362369,1,2,2
26362369,2,4,4
26362369,3,2,2
26362369,4,1,5
26362369,5,2,0
26362369,6,2,6
26362380,1,1,1
26362380,2,0,0
26362380,3,0,0
26362380,4,1,0
26362380,5,4,0
26362380,6,4,0
26362380,7,5,0
26362380,8,0,3
26362379,1,0,0
26362379,2,1,1
26362379,3,4,0
26362379,4,2,1
26362379,5,0,0
26362379,6,1,2
26362379,7,1,0
26362379,8,5,1
26722167,1,6,0
26722167,2,0,0
26722167,3,6,0
26722167,4,0,3
26722167,5,0,0
26722167,6,4,2
26722167,7,2,0
26722167,8,0,2
26722167,9,0,0
28172207,1,0,0
28172207,2,0,0
28172207,3,5,0
28172207,4,0,0
28172207,5,2,1
28172207,6,0,4
28172208,1,5,0
28172208,2,0,1
28172208,3,2,0
28172208,4,3,0
28172208,5,0,0
28172208,6,0,0
28172210,1,1,1
28172210,2,0,0
28172210,3,1,1
28172210,4,1,0
28172210,5,2,4
28172210,6,2,0
28172212,1,0,2
28172212,2,0,1
28172212,3,0,5
28172212,4,1,0
28172212,5,0,5
28172212,6,1,4
28172228,1,1,0
28172228,2,5,1
28172228,3,0,0
28172228,4,0,2
28172228,5,0,0
28172228,6,0,0
28172233,1,0,1
28172233,2,0,0
28172233,3,2,3
28172233,4,2,0
28172233,5,0,2
28172233,6,0,0
28172235,1,1,2
28172235,2,4,1
28172235,3,4,0
28172235,4,0,0
28172235,5,2,5
28172235,6,0,1
28172237,1,0,0
28172237,2,1,1
28172237,3,5,1
28172237,4,1,4
28172237,5,5,2
28172237,6,0,0
28172238,1,3,1
28172238,2,0,1
28172238,3,0,0
28172238,4,0,0
28172238,5,2,0
28172238,6,0,1
28172243,1,3,1
28172243,2,0,0
28172243,3,2,2
28172243,4,4,0
28172243,5,1,1
28172243,6,0,0
28172252,1,0,1
28172252,2,2,0
28172252,3,0,1
28172252,4,0,2
28172252,5,0,0
28172252,6,0,0
28172255,1,0,1
28172255,2,0,0
28172255,3,0,0
28172255,4,0,0
28172255,5,2,0
28172255,6,0,0
28172258,1,4,1
28172258,2,5,1
28172258,3,0,1
28172258,4,3,2
28172258,5,1,0
28172258,6,0,2
28172261,1,0,3
28172261,2,0,0
28172261,3,5,2
28172261,4,1,5
28172261,5,2,5
28172261,6,0,0
28172262,1,1,0
28172262,2,0,0
28172262,3,1,4
28172262,4,0,0
28172262,5,0,0
28172262,6,0,2
28172265,1,3,0
28172265,2,0,1
28172265,3,2,0
28172265,4,3,1
28172265,5,0,0
28172265,6,0,0
28172268,1,0,1
28172268,2,0,1
28172268,3,3,0
28172268,4,0,0
28172268,5,1,0
28172268,6,0,0
28172269,1,1,2
28172269,2,5,0
28172269,3,0,0
28172269,4,5,1
28172269,5,0,4
28172269,6,0,0
28172272,1,0,0
28172272,2,4,0
28172272,3,2,0
28172272,4,0,0
28172272,5,2,3
28172272,6,0,1
28172273,1,2,0
28172273,2,0,0
28172273,3,2,4
28172273,4,2,0
28172273,5,0,0
28172273,6,1,4
28172307,1,5,0
28172307,2,0,0
28172307,3,1,0
28172307,4,0,3
28172307,5,0,0
28172307,6,0,0
28172307,7,0,0
28172307,8,4,0
28172307,9,0,2
28172308,1,2,0
28172308,2,0,0
28172308,3,1,3
28172308,4,0,0
28172308,5,2,0
28172308,6,0,0
28172308,7,1,2
28172308,8,5,0
28172308,9,0,0
28717538,1,0,4
28717538,2,0,0
28717538,3,3,0
28717538,4,0,0
28717538,5,0,0
28717538,6,0,3
28717538,7,1,5
28717538,8,0,0
28717609,1,2,0
28717609,2,1,1
28717609,3,3,5
28717609,4,0,1
28717609,5,4,5
28717609,6,0,0
28717609,7,3,3
28717609,8,1,1
28717539,1,0,3
28717539,2,0,4
28717539,3,0,0
28717539,4,0,3
28717539,5,3,1
28717539,6,2,0
28717539,7,2,0
28717570,1,3,1
28717570,2,0,2
28717570,3,4,1
28717570,4,0,0
28717570,5,0,2
28717570,6,0,0
28717571,1,4,1
28717571,2,5,2
28717571,3,2,0
28717571,4,0,0
28717571,5,4,1
28717571,6,5,4
28717571,7,3,2
28717540,1,3,0
28717540,2,0,2
28717540,3,0,0
28717540,4,1,0
28717540,5,1,2
28717540,6,0,0
28717540,7,2,1
28717540,8,2,0
28717540,9,0,1
28717541,1,5,2
28717541,2,5,0
28717541,3,1,1
28717541,4,2,0
28717541,5,0,0
28717541,6,4,0
28717541,7,4,2
28717599,1,3,0
28717599,2,0,2
28717599,3,3,1
28717599,4,4,3
28717599,5,4,3
28717599,6,2,0
28717599,7,3,4
28717572,1,1,4
28717572,2,0,0
28717572,3,3,1
28717572,4,2,0
28717572,5,0,0
28717572,6,4,2
28717542,1,0,3
28717542,2,0,0
28717542,3,0,0
28717542,4,4,3
28717542,5,0,5
28717542,6,0,1
28717573,1,2,1
28717573,2,0,1
28717573,3,0,3
28717573,4,0,0
28717573,5,3,0
28717573,6,2,0
28717573,7,3,8
28717543,1,1,1
28717543,2,0,1
28717543,3,0,1
28717543,4,1,0
28717543,5,0,0
28717543,6,0,0
28717543,7,4,0
28717543,8,3,1
28717543,9,0,6
28717600,1,0,3
28717600,2,2,0
28717600,3,0,3
28717600,4,0,3
28717600,5,2,4
28717600,6,3,0
28717600,7,0,0
28717600,8,0,0
28717600,9,0,0
28717544,1,3,3
28717544,2,3,0
28717544,3,0,0
28717544,4,2,1
28717544,5,5,0
28717544,6,4,0
28717544,7,1,1
28717544,8,1,0
28717544,9,0,1
28717545,1,3,5
28717545,2,0,0
28717545,3,1,5
28717545,4,0,0
28717545,5,1,0
28717545,6,0,2
28717545,7,0,0
28717545,8,5,10
28717574,1,0,2
28717574,2,4,0
28717574,3,2,0
28717574,4,0,1
28717574,5,5,1
28717574,6,0,0
28717574,7,0,0
28717546,1,5,0
28717546,2,0,0
28717546,3,2,1
28717546,4,0,0
28717546,5,0,2
28717546,6,5,0
28717546,7,2,0
28717546,8,0,0
28717575,1,1,4
28717575,2,2,0
28717575,3,3,2
28717575,4,2,0
28717575,5,0,4
28717575,6,4,5
28717575,7,1,0
28717547,1,4,2
28717547,2,0,0
28717547,3,0,3
28717547,4,0,0
28717547,5,0,0
28717547,6,0,1
28717547,7,1,4
28717576,1,1,2
28717576,2,1,1
28717576,3,4,3
28717576,4,0,5
28717576,5,0,1
28717576,6,0,0
28717576,7,0,0
28717576,8,2,0
28717576,9,3,3
28717548,1,3,4
28717548,2,0,1
28717548,3,0,0
28717548,4,0,4
28717548,5,0,5
28717548,6,0,0
28717548,7,0,1
28717577,1,2,0
28717577,2,0,0
28717577,3,3,2
28717577,4,0,0
28717577,5,2,3
28717577,6,5,0
28717577,7,5,0
28717577,8,0,2
28717549,1,1,3
28717549,2,3,0
28717549,3,2,3
28717549,4,3,0
28717549,5,0,5
28717549,6,0,0
28717549,7,5,1
28717549,8,0,0
28717549,9,0,0
28717626,1,1,1
28717626,2,0,0
28717626,3,0,0
28717626,4,4,1
28717626,5,0,5
28717626,6,0,0
28717626,7,0,5
28717626,8,1,1
28717602,1,2,5
28717602,2,0,0
28717602,3,5,0
28717602,4,2,4
28717602,5,4,3
28717602,6,0,5
28717602,7,1,8
28717551,1,1,3
28717551,2,0,0
28717551,3,2,0
28717551,4,2,1
28717551,5,4,1
28717551,6,1,0
28717551,7,5,0
28717551,8,0,0
28717578,1,2,5
28717578,2,1,0
28717578,3,1,1
28717578,4,0,2
28717578,5,0,3
28717578,6,3,0
28717578,7,0,3
28717578,8,1,5
28717578,9,2,3
28717579,1,3,4
28717579,2,0,0
28717579,3,4,1
28717579,4,1,2
28717579,5,3,5
28717579,6,5,0
28717579,7,3,3
28717579,8,0,5
28717552,1,1,3
28717552,2,0,4
28717552,3,0,5
28717552,4,0,0
28717552,5,1,2
28717552,6,0,5
28717552,7,0,0
28717552,8,0,2
28717603,1,0,0
28717603,2,3,0
28717603,3,0,4
28717603,4,0,0
28717603,5,0,3
28717603,6,1,5
28717603,7,0,5
28717603,8,0,1
28717553,1,0,2
28717553,2,3,0
28717553,3,0,2
28717553,4,5,0
28717553,5,4,1
28717553,6,5,0
28717553,7,5,4
28717553,8,0,0
28717586,1,0,2
28717586,2,1,1
28717586,3,3,0
28717586,4,0,0
28717586,5,2,0
28717586,6,0,5
28717586,7,3,3
28717586,8,1,2
28717554,1,1,0
28717554,2,0,0
28717554,3,2,3
28717554,4,3,0
28717554,5,2,4
28717554,6,0,0
28717554,7,1,5
28717554,8,0,2
29171166,1,2,0
29171166,2,0,0
29171166,3,0,0
29171166,4,1,4
29171166,5,2,2
29171166,6,2,3
29171166,7,1,1
29171166,8,4,0
29171166,9,0,5
29171146,1,3,5
29171146,2,4,0
29171146,3,0,1
29171146,4,1,0
29171146,5,3,1
29171146,6,5,2
29171146,7,5,0
29171146,8,0,2
29171146,9,0,2
29171177,1,0,5
29171177,2,0,1
29171177,3,0,0
29171177,4,0,0
29171177,5,3,0
29171177,6,4,0
29171177,7,2,0
29171177,8,0,1
29171177,9,0,0
29414750,1,2,0
29414750,2,0,0
29414750,3,0,0
29414750,4,0,0
29414750,5,0,0
29414750,6,0,2
29414750,7,2,0
29414750,8,4,1
29414751,1,2,5
29414751,2,0,0
29414751,3,0,0
29414751,4,2,1
29414751,5,1,0
29414751,6,5,0
29414751,7,3,5
29414751,8,0,4
29414802,1,2,2
29414802,2,0,1
29414802,3,0,5
29414802,4,1,3
29414802,5,3,3
29414802,6,0,2
29414802,7,4,2
29414803,1,1,0
29414803,2,0,0
29414803,3,2,1
29414803,4,3,0
29414803,5,5,4
29414803,6,0,0
29414764,1,0,1
29414764,2,5,0
29414764,3,2,0
29414764,4,0,1
29414764,5,0,3
29414764,6,5,4
29414764,7,0,0
29414764,8,1,0
29414763,1,0,0
29414763,2,2,0
29414763,3,3,2
29414763,4,0,0
29414763,5,4,0
29414763,6,3,0
29414763,7,1,2
29414763,8,2,0
29414763,9,0,0
29414766,1,0,2
29414766,2,0,1
29414766,3,0,5
29414766,4,0,0
29414766,5,0,5
29414766,6,0,3
29414765,1,1,1
29414765,2,0,1
29414765,3,1,1
29414765,4,2,1
29414765,5,1,3
29414765,6,2,0
29414765,7,0,0
29414765,8,1,4
29414765,9,1,2
29414769,1,2,1
29414769,2,0,0
29414769,3,2,0
29414769,4,0,2
29414769,5,0,4
29414769,6,0,3
29414769,7,1,5
29414769,8,0,0
29414769,9,0,3
29414770,1,1,1
29414770,2,4,0
29414770,3,0,0
29414770,4,1,3
29414770,5,0,1
29414770,6,2,5
29414770,7,2,1
29414770,8,0,0
29414770,9,3,1
29414772,1,1,2
29414772,2,3,0
29414772,3,0,3
29414772,4,0,5
29414772,5,0,0
29414772,6,2,0
29414772,7,0,4
29414772,8,0,1
29414772,9,2,0
29414771,1,0,1
29414771,2,0,4
29414771,3,0,0
29414771,4,0,0
29414771,5,1,0
29414771,6,1,1
29414771,7,2,2
29414771,8,1,0
29414771,9,0,4
29414774,1,2,2
29414774,2,0,0
29414774,3,0,3
29414774,4,2,0
29414774,5,0,1
29414774,6,1,6
29414773,1,1,5
29414773,2,2,4
29414773,3,3,0
29414773,4,5,0
29414773,5,0,3
29414773,6,0,0
29414773,7,6,4
29414775,1,0,4
29414775,2,1,5
29414775,3,2,0
29414775,4,0,0
29414775,5,0,3
29414775,6,0,0
29414775,7,4,0
29414775,8,5,1
29414775,9,0,1
29414816,1,3,0
29414816,2,0,1
29414816,3,2,0
29414816,4,2,0
29414816,5,0,0
29414816,6,1,0
29414816,7,2,0
29414816,8,2,0
29414816,9,0,4
29414778,1,1,5
29414778,2,0,3
29414778,3,2,0
29414778,4,4,5
29414778,5,4,0
29414778,6,3,2
29414778,7,4,2
29414777,1,3,5
29414777,2,2,1
29414777,3,5,0
29414777,4,0,1
29414777,5,0,5
29414777,6,1,0
29414777,7,0,0
29414777,8,2,0
29414786,1,1,0
29414786,2,5,1
29414786,3,2,2
29414786,4,3,0
29414786,5,2,0
29414786,6,0,2
29414786,7,5,3
29414785,1,2,0
29414785,2,3,0
29414785,3,0,5
29414785,4,0,4
29414785,5,2,3
29414785,6,0,2
29414785,7,0,0
29414787,1,3,0
29414787,2,3,0
29414787,3,5,0
29414787,4,5,1
29414787,5,3,1
29414787,6,0,5
29414787,7,0,0
29414788,1,3,1
29414788,2,0,1
29414788,3,1,0
29414788,4,0,0
29414788,5,0,0
29414788,6,0,3
29414788,7,2,3
29414788,8,1,0
29414789,1,1,1
29414789,2,1,2
29414789,3,0,0
29414789,4,3,0
29414789,5,0,0
29414789,6,3,3
29414789,7,1,1
29414789,8,1,1
29414789,9,0,4
29414790,1,5,1
29414790,2,0,1
29414790,3,4,0
29414790,4,1,0
29414790,5,4,0
29414790,6,5,3
29414790,7,0,1
29414791,1,2,3
29414791,2,0,0
29414791,3,5,2
29414791,4,2,0
29414791,5,0,0
29414791,6,1,0
29414791,7,1,0
29414791,8,2,1
29414791,9,0,1
29414792,1,0,1
29414792,2,5,0
29414792,3,0,1
29414792,4,0,1
29414792,5,0,0
29414792,6,5,3
29414792,7,4,0
29414792,8,1,2
29414792,9,0,0
29414795,1,4,1
29414795,2,0,0
29414795,3,1,2
29414795,4,0,2
29414795,5,0,1
29414795,6,1,2
29414795,7,3,0
29414795,8,2,3
29414795,9,1,0
29414796,1,1,0
29414796,2,0,0
29414796,3,3,2
29414796,4,3,0
29414796,5,0,3
29414796,6,1,0
29414796,7,2,2
29414796,8,0,0
29414796,9,2,5
29973479,1,4,1
29973479,2,0,0
29973479,3,2,5
29973479,4,4,5
29973479,5,1,0
29973479,6,3,2
29973479,7,0,0
29973479,8,0,0
29973479,9,0,0
29973478,1,3,1
29973478,2,0,0
29973478,3,1,1
29973478,4,0,0
29973478,5,2,2
29973478,6,3,0
29973478,7,0,1
29999484,1,3,0
29999484,2,0,0
29999484,3,4,3
29999484,4,5,0
29999484,5,0,3
29999484,6,5,2
29999484,7,4,0
29999484,8,2,2
29999484,9,0,0
30181040,1,4,4
30181040,2,2,5
30181040,3,2,0
30181040,4,3,3
30181040,5,3,0
30181040,6,1,0
30181040,7,0,0
30181040,8,0,3
30181077,1,4,3
30181077,2,2,2
30181077,3,0,4
30181077,4,1,0
30181077,5,1,0
30181077,6,0,2
30181077,7,2,1
30181059,1,2,5
30181059,2,0,0
30181059,3,4,0
30181059,4,0,1
30181059,5,1,1
30181059,6,2,2
30181059,7,1,0
30181059,8,3,1
30181059,9,0,1
30181041,1,0,4
30181041,2,0,0
30181041,3,0,1
30181041,4,1,5
30181041,5,0,0
30181041,6,0,4
30181041,7,0,0
30181041,8,1,2
30181060,1,4,2
30181060,2,3,0
30181060,3,4,0
30181060,4,0,0
30181060,5,2,0
30181060,6,3,0
30181060,7,1,2
30181060,8,0,6
30181042,1,2,0
30181042,2,0,0
30181042,3,0,1
30181042,4,1,0
30181042,5,1,0
30181042,6,2,2
30181042,7,2,0
30181042,8,0,0
30181042,9,0,0
30181043,1,1,1
30181043,2,0,0
30181043,3,5,2
30181043,4,3,3
30181043,5,2,0
30181043,6,1,0
30181043,7,0,1
30181043,8,1,3
30181043,9,0,0
30181071,1,0,0
30181071,2,1,0
30181071,3,0,0
30181071,4,2,0
30181071,5,0,1
30181071,6,0,0
30181071,7,0,0
30181071,8,0,1
30181071,9,2,0
30181044,1,0,4
30181044,2,0,0
30181044,3,0,1
30181044,4,5,0
30181044,5,0,0
30181044,6,1,0
30181044,7,0,1
30181044,8,5,1
30181044,9,0,0
30181061,1,2,0
30181061,2,0,3
30181061,3,2,0
30181061,4,2,4
30181061,5,0,0
30181061,6,5,2
30181061,7,4,1
30181061,8,0,0
30181061,9,0,0
30181045,1,0,5
30181045,2,0,5
30181045,3,2,0
30181045,4,0,0
30181045,5,5,0
30181045,6,0,0
30181045,7,1,1
30181045,8,3,5
30181062,1,1,0
30181062,2,0,2
30181062,3,0,2
30181062,4,4,4
30181062,5,1,0
30181062,6,3,3
30181062,7,0,0
30181072,1,5,0
30181072,2,5,0
30181072,3,2,0
30181072,4,1,4
30181072,5,0,3
30181072,6,0,1
30181072,7,0,0
30181072,8,0,0
30181046,1,1,1
30181046,2,3,3
30181046,3,0,2
30181046,4,4,0
30181046,5,0,0
30181046,6,0,5
30181046,7,5,0
30181046,8,1,0
30181046,9,0,1
30181047,1,5,3
30181047,2,1,0
30181047,3,0,1
30181047,4,2,0
30181047,5,1,1
30181047,6,4,0
30181047,7,0,1
30181047,8,0,0
30181047,9,0,0
30181063,1,3,0
30181063,2,0,0
30181063,3,5,1
30181063,4,0,0
30181063,5,5,3
30181063,6,0,1
30181063,7,4,2
30181063,8,0,0
30181049,1,1,1
30181049,2,2,2
30181049,3,3,3
30181049,4,1,1
30181049,5,5,2
30181049,6,1,5
30181049,7,0,0
30181049,8,0,0
30181049,9,0,1
30181073,1,0,2
30181073,2,0,0
30181073,3,0,0
30181073,4,1,0
30181073,5,0,0
30181073,6,1,0
30181073,7,2,0
30181073,8,0,0
30181073,9,0,1
30181051,1,0,5
30181051,2,0,3
30181051,3,0,0
30181051,4,1,0
30181051,5,1,0
30181051,6,1,0
30181051,7,2,0
30181051,8,0,3
30181051,9,3,3
30181066,1,0,4
30181066,2,5,0
30181066,3,3,4
30181066,4,0,2
30181066,5,1,0
30181066,6,0,4
30181066,7,6,0
30181074,1,3,0
30181074,2,0,0
30181074,3,2,2
30181074,4,0,2
30181074,5,4,1
30181074,6,0,5
30181074,7,0,0
30181074,8,0,0
30181052,1,5,3
30181052,2,3,1
30181052,3,1,0
30181052,4,3,0
30181052,5,0,1
30181052,6,2,0
30181052,7,0,0
30181052,8,1,0
30181052,9,0,0
30181067,1,0,1
30181067,2,2,1
30181067,3,3,0
30181067,4,2,2
30181067,5,1,2
30181067,6,0,2
30181067,7,0,5
30181067,8,1,0
30181053,1,2,0
30181053,2,0,5
30181053,3,3,1
30181053,4,5,0
30181053,5,0,2
30181053,6,0,0
30181053,7,0,5
30181053,8,5,1
30181053,9,0,0
30181054,1,3,0
30181054,2,1,1
30181054,3,0,0
30181054,4,0,2
30181054,5,5,0
30181054,6,0,0
30181054,7,0,1
30181054,8,2,1
30181054,9,0,2
30181068,1,2,2
30181068,2,0,4
30181068,3,0,3
30181068,4,1,2
30181068,5,0,0
30181068,6,1,1
30181068,7,1,5
30181075,1,1,3
30181075,2,3,2
30181075,3,1,1
30181075,4,0,3
30181075,5,3,0
30181075,6,2,0
30181075,7,0,1
30181075,8,3,0
30181055,1,3,4
30181055,2,1,2
30181055,3,0,2
30181055,4,0,5
30181055,5,4,0
30181055,6,2,0
30181055,7,0,4
30181055,8,0,3
30181069,1,1,0
30181069,2,0,2
30181069,3,5,1
30181069,4,0,2
30181069,5,0,0
30181069,6,2,1
30181069,7,5,2
30181069,8,1,3
30181069,9,0,1
30181056,1,3,0
30181056,2,4,0
30181056,3,0,5
30181056,4,0,1
30181056,5,0,1
30181056,6,3,1
30181056,7,2,4
30181056,8,2,1
30181056,9,0,0
30181057,1,0,1
30181057,2,1,0
30181057,3,1,3
30181057,4,2,5
30181057,5,0,3
30181057,6,1,0
30181057,7,1,1
30181057,8,1,3
30555677,1,3,0
30555677,2,0,0
30555677,3,0,0
30555677,4,0,0
30555677,5,3,0
30555677,6,2,1
30555677,7,0,2
30555677,8,0,0
30555677,9,0,0
30181079,1,0,1
30181079,2,3,5
30181079,3,1,1
30181079,4,2,0
30181079,5,1,0
30181079,6,1,0
30181079,7,0,0
30181079,8,0,1
30181079,9,0,0
30181079,10,3,10
30181080,1,3,0
30181080,2,0,2
30181080,3,2,1
30181080,4,1,5
30181080,5,1,1
30181080,6,0,0
30181080,7,0,5
30181080,8,2,3
30181080,9,2,0
30181081,1,2,0
30181081,2,5,4
30181081,3,0,0
30181081,4,0,0
30181081,5,0,0
30181081,6,0,2
30181081,7,1,0
30181081,8,3,3
30181081,9,0,0
30842381,1,1,0
30842381,2,1,0
30842381,3,0,1
30842381,4,1,1
30842381,5,5,0
30842381,6,0,0
30842381,7,0,0
30842381,8,0,0
30842381,9,0,0
30842346,1,3,0
30842346,2,2,0
30842346,3,3,0
30842346,4,2,0
30842346,5,4,2
30842346,6,0,1
30842346,7,0,1
30842346,8,0,0
30842346,9,0,1
30842348,1,0,0
30842348,2,0,0
30842348,3,0,0
30842348,4,0,1
30842348,5,1,0
30842348,6,0,0
30842348,7,5,2
30842348,8,0,0
30842348,9,0,1
30842365,1,0,0
30842365,2,3,0
30842365,3,2,0
30842365,4,0,0
30842365,5,1,1
30842365,6,4,0
30842365,7,2,2
30842365,8,0,1
30842365,9,0,0
30842349,1,0,3
30842349,2,1,0
30842349,3,0,4
30842349,4,3,1
30842349,5,0,1
30842349,6,1,2
30842349,7,0,0
30842349,8,0,0
30842349,9,5,2
30842376,1,1,0
30842376,2,2,0
30842376,3,0,1
30842376,4,1,2
30842376,5,5,0
30842376,6,0,4
30842376,7,0,0
30842376,8,0,0
30842376,9,0,0
30842350,1,0,3
30842350,2,0,5
30842350,3,4,3
30842350,4,0,5
30842350,5,0,0
30842350,6,0,5
30842350,7,0,3
30842350,8,2,4
30842366,1,3,0
30842366,2,0,1
30842366,3,5,0
30842366,4,1,2
30842366,5,5,0
30842366,6,1,4
30842366,7,0,0
30842351,1,4,2
30842351,2,0,0
30842351,3,1,1
30842351,4,0,1
30842351,5,0,4
30842351,6,0,2
30842351,7,0,1
30842351,8,1,0
30842367,1,0,2
30842367,2,0,5
30842367,3,5,1
30842367,4,0,2
30842367,5,0,0
30842367,6,2,0
30842367,7,0,0
30842367,8,0,4
30842377,1,1,0
30842377,2,0,0
30842377,3,0,1
30842377,4,0,0
30842377,5,0,1
30842377,6,0,1
30842377,7,0,2
30842377,8,1,0
30842377,9,3,0
30842352,1,3,0
30842352,2,2,0
30842352,3,0,5
30842352,4,0,2
30842352,5,0,1
30842352,6,0,1
30842352,7,0,0
30842352,8,2,0
30842353,1,4,0
30842353,2,0,0
30842353,3,0,0
30842353,4,0,0
30842353,5,0,0
30842353,6,2,0
30842353,7,3,0
30842353,8,0,0
30842353,9,0,0
30842368,1,1,3
30842368,2,0,0
30842368,3,3,1
30842368,4,3,0
30842368,5,0,0
30842368,6,1,0
30842368,7,1,0
30842368,8,0,0
30842354,1,0,1
30842354,2,0,1
30842354,3,2,0
30842354,4,0,4
30842354,5,5,0
30842354,6,2,2
30842354,7,0,2
30842354,8,1,0
30842369,1,0,2
30842369,2,0,0
30842369,3,0,0
30842369,4,4,1
30842369,5,3,0
30842355,1,3,4
30842355,2,0,0
30842355,3,0,5
30842355,4,0,3
30842355,5,5,0
30842355,6,2,1
30842355,7,0,0
30842378,1,2,5
30842378,2,4,0
30842378,3,2,3
30842378,4,1,0
30842378,5,0,0
30842378,6,1,1
30842378,7,0,2
30842356,1,3,2
30842356,2,0,4
30842356,3,0,0
30842356,4,0,4
30842356,5,1,4
30842356,6,1,2
30842356,7,2,5
30842370,1,5,0
30842370,2,1,1
30842370,3,0,1
30842370,4,0,1
30842370,5,0,5
30842370,6,0,0
30842370,7,1,0
30842370,8,0,2
30842357,1,1,3
30842357,2,2,0
30842357,3,0,0
30842357,4,0,4
30842357,5,0,3
30842357,6,0,0
30842357,7,0,0
30842371,1,0,2
30842371,2,0,3
30842371,3,0,0
30842371,4,5,2
30842371,5,2,2
30842371,6,0,2
30842371,7,0,2
30842379,1,0,0
30842379,2,1,2
30842379,3,0,0
30842379,4,5,0
30842379,5,0,1
30842379,6,0,1
30842379,7,1,0
30842379,8,0,2
30842379,9,0,7
30842358,1,0,0
30842358,2,0,2
30842358,3,0,5
30842358,4,4,0
30842358,5,0,0
30842358,6,2,2
30842358,7,0,0
30842358,8,0,6
30842372,1,4,0
30842372,2,0,1
30842372,3,1,0
30842372,4,0,0
30842372,5,2,0
30842372,6,3,1
30842372,7,2,0
30842372,8,0,3
30842372,9,0,1
30842359,1,2,2
30842359,2,0,0
30842359,3,0,0
30842359,4,0,1
30842359,5,0,0
30842359,6,0,1
30842359,7,0,2
30842359,8,3,0
30842359,9,2,0
30842373,1,3,2
30842373,2,0,0
30842373,3,0,2
30842373,4,0,1
30842373,5,0,0
30842373,6,1,2
30842373,7,0,2
30842373,8,0,3
30842373,9,0,0
30842360,1,1,0
30842360,2,0,1
30842360,3,0,0
30842360,4,4,2
30842360,5,5,1
30842360,6,3,0
30842360,7,0,0
30842360,8,1,0
30842360,9,0,0
30842361,1,5,0
30842361,2,0,0
30842361,3,0,0
30842361,4,3,0
30842361,5,3,5
30842361,6,3,0
30842361,7,5,3
30842361,8,0,0
30842380,1,5,0
30842380,2,1,0
30842380,3,4,1
30842380,4,1,0
30842380,5,1,4
30842380,6,0,0
30842380,7,0,2
30842380,8,0,0
30842362,1,0,5
30842362,2,0,0
30842362,3,0,2
30842362,4,0,0
30842362,5,1,1
30842362,6,4,5
30842362,7,1,3
30842362,8,0,5
30842374,1,0,4
30842374,2,2,0
30842374,3,4,0
30842374,4,2,1
30842374,5,3,2
30842374,6,0,1
30842374,7,2,4
30842374,8,0,0
31102579,1,0,2
31102579,2,0,0
31102579,3,0,0
31102579,4,0,3
31102579,5,0,0
31102579,6,0,0
31102579,7,4,0
31102579,8,0,0
31102579,9,0,0
30842363,1,1,5
30842363,2,1,5
30842363,3,1,1
30842363,4,0,4
30842363,5,0,0
30842363,6,0,1
30842363,7,8,5
30842383,1,5,1
30842383,2,5,0
30842383,3,0,0
30842383,4,0,2
30842383,5,1,0
30842383,6,3,3
30842383,7,3,0
30842383,8,0,1
30842383,9,0,1
30842382,1,1,1
30842382,2,4,0
30842382,3,5,0
30842382,4,0,0
30842382,5,0,0
30842382,6,5,1
30842382,7,0,2
30842382,8,5,0
30842382,9,0,1
30842384,1,3,0
30842384,2,0,2
30842384,3,0,1
30842384,4,2,0
30842384,5,0,5
30842384,6,0,0
30842384,7,0,0
30842384,8,4,0
30842384,9,3,3
31508038,1,0,1
31508038,2,3,0
31508038,3,0,0
31508038,4,4,0
31508038,5,0,0
31508038,6,0,2
31508038,7,0,1
31508038,8,4,0
31508037,1,0,0
31508037,2,3,0
31508037,3,1,0
31508037,4,1,5
31508037,5,0,1
31508037,6,5,3
31508037,7,1,0
31508037,8,1,2
31508049,1,1,0
31508049,2,1,1
31508049,3,1,0
31508049,4,1,0
31508049,5,0,0
31508049,6,0,0
31508049,7,5,0
31508049,8,0,4
31508049,9,0,0
31508048,1,2,0
31508048,2,2,0
31508048,3,2,0
31508048,4,0,1
31508048,5,2,0
31508048,6,0,0
31508048,7,0,3
31508048,8,3,0
31508054,1,1,1
31508054,2,5,0
31508054,3,2,0
31508054,4,0,1
31508054,5,1,0
31508054,6,4,0
31508054,7,4,0
31508054,8,0,0
31508055,1,2,2
31508055,2,1,0
31508055,3,4,2
31508055,4,4,1
31508055,5,0,4
31508055,6,0,1
31508055,7,0,0
31508061,1,1,1
31508061,2,2,0
31508061,3,1,5
31508061,4,3,1
31508061,5,5,0
31508061,6,5,2
31508061,7,0,4
31508060,1,0,2
31508060,2,0,0
31508060,3,0,0
31508060,4,2,2
31508060,5,0,1
31508060,6,1,0
31508060,7,1,5
31508060,8,0,2
31508070,1,1,1
31508070,2,0,0
31508070,3,1,3
31508070,4,0,0
31508070,5,1,2
31508070,6,5,0
31508070,7,4,0
31508070,8,0,4
31508071,1,0,0
31508071,2,0,0
31508071,3,0,0
31508071,4,5,0
31508071,5,0,1
31508071,6,0,0
31508071,7,5,0
31508071,8,0,0
31508071,9,0,0
31508076,1,0,1
31508076,2,3,1
31508076,3,5,0
31508076,4,0,1
31508076,5,0,0
31508076,6,0,2
31508076,7,0,0
31508076,8,0,0
31508076,9,0,0
31508078,1,0,2
31508078,2,0,3
31508078,3,0,0
31508078,4,2,5
31508078,5,0,2
31508078,6,4,5
31508078,7,3,2
31508097,1,0,4
31508097,2,0,0
31508097,3,2,0
31508097,4,0,0
31508097,5,5,2
31508097,6,0,2
31508097,7,0,2
31508097,8,1,0
31508098,1,1,1
31508098,2,0,1
31508098,3,3,3
31508098,4,0,2
31508098,5,3,0
31508098,6,0,0
31508098,7,0,2
31508098,8,2,5
31508107,1,2,0
31508107,2,0,1
31508107,3,1,3
31508107,4,5,1
31508107,5,0,0
31508107,6,0,1
31508107,7,4,0
31508106,1,1,0
31508106,2,3,0
31508106,3,0,0
31508106,4,1,2
31508106,5,1,5
31508106,6,0,1
31508106,7,0,3
31508127,1,4,5
31508127,2,2,5
31508127,3,2,2
31508127,4,0,0
31508127,5,5,2
31508127,6,0,0
31508127,7,0,0
31508126,1,1,4
31508126,2,0,0
31508126,3,4,3
31508126,4,4,5
31508126,5,0,3
31508126,6,4,0
31508126,7,5,2
31508131,1,2,1
31508131,2,0,2
31508131,3,1,3
31508131,4,0,0
31508131,5,1,4
31508131,6,1,0
31508131,7,0,2
31508131,8,2,5
31508130,1,2,1
31508130,2,1,0
31508130,3,2,1
31508130,4,4,5
31508130,5,2,3
31508130,6,5,0
31508130,7,0,1
31508145,1,0,1
31508145,2,2,0
31508145,3,1,2
31508145,4,0,2
31508145,5,0,1
31508145,6,1,3
31508145,7,1,0
31508145,8,1,0
31508144,1,2,1
31508144,2,0,3
31508144,3,0,2
31508144,4,0,5
31508144,5,0,1
31508144,6,0,3
31508144,7,2,1
31508144,8,0,5
31508151,1,1,1
31508151,2,0,0
31508151,3,0,3
31508151,4,2,0
31508151,5,2,1
31508151,6,2,0
31508151,7,5,1
31508151,8,0,0
31508152,1,4,1
31508152,2,0,4
31508152,3,1,0
31508152,4,1,0
31508152,5,1,0
31508152,6,0,0
31508152,7,0,2
31508155,1,2,2
31508155,2,3,1
31508155,3,0,2
31508155,4,2,2
31508155,5,5,1
31508155,6,0,1
31508155,7,0,3
31508154,1,2,2
31508154,2,0,0
31508154,3,5,0
31508154,4,0,0
31508154,5,4,4
31508154,6,1,0
31508154,7,1,0
31508154,8,1,0
31508154,9,0,0
31508157,1,0,1
31508157,2,3,0
31508157,3,2,1
31508157,4,0,1
31508157,5,1,1
31508157,6,3,3
31508157,7,1,2
31508158,1,0,1
31508158,2,2,0
31508158,3,2,2
31508158,4,2,0
31508158,5,0,0
31508158,6,0,0
31508158,7,3,2
31508158,8,3,0
31508158,9,0,0
31508166,1,1,3
31508166,2,0,0
31508166,3,1,0
31508166,4,3,0
31508166,5,3,0
31508166,6,1,2
31508166,7,4,1
31508166,8,1,0
31508166,9,0,1
31508167,1,1,5
31508167,2,0,0
31508167,3,0,1
31508167,4,0,0
31508167,5,1,0
31508167,6,0,5
31508167,7,1,4
31508170,1,3,0
31508170,2,0,0
31508170,3,0,0
31508170,4,1,2
31508170,5,1,2
31508170,6,4,0
31508170,7,1,5
31508170,8,0,0
31508169,1,1,1
31508169,2,0,2
31508169,3,2,0
31508169,4,3,0
31508169,5,2,3
31508169,6,1,2
31508169,7,5,1
31508169,8,0,1
